type,1,2,3,4,5,6,7,8,9,10,11,12,13,14,15,16,17,18,19,20,21,22,23,24,25,26,27,28,29,30,31,32
0,0.131076149,0.076002432,0.045989124,0.081242401,0.048749779,0.197462602,0.094944164,0.095497303,0.162795533,0.083060008,0.139618603,0.074676715,0.060438141,0.08647766,0.104279072,0.0900276,0.329565482,0.236278802,0.401664987,0.242634792,0.135600004,0.272678152,0.066927883,0.332919696,0.079126512,0.213827651,0.266446384,0.124779778,0.29341131,0.24464866,0.086496042,0.317723935
0,0.175639668,0.328175686,0.251135319,0.375534601,0.272105034,0.303012526,0.251285063,0.199268916,0.214396903,0.208294408,0.219843471,0.260295529,0.314530868,0.222868804,0.241218402,0.279462058,0.152946008,0.113785717,0.170818772,0.115907988,0.199593131,0.193971683,0.152981325,0.167566895,0.192092293,0.169263542,0.117708188,0.143269363,0.171840357,0.175567213,0.187439991,0.140523477
0,0.124770036,0.108809415,0.128489233,0.142900286,0.118904998,0.165446279,0.107165197,0.147892943,0.097904653,0.115337245,0.142079433,0.122107982,0.10922958,0.115531043,0.106186111,0.110066572,0.106213914,0.110716814,0.121190945,0.135711268,0.163878396,0.141668507,0.142995823,0.131714402,0.073637982,0.072239522,0.079167185,0.115955722,0.394117378,0.304498563,0.154087704,0.105427285
0,0.131161532,0.093171662,0.120588802,0.130755071,0.149558996,0.15229101,0.132897866,0.127297604,0.147917425,0.138538739,0.123713842,0.113092833,0.142590073,0.137667613,0.129742604,0.164517693,0.243489248,0.188885068,0.335569992,0.297381824,0.368963232,0.359615785,0.363953904,0.395952439,0.413961515,0.399981746,0.157781085,0.220931905,0.250641084,0.212656134,0.31301203,0.344815886
0,0.116315943,0.139348245,0.14928094,0.172533051,0.12300666,0.168785395,0.109286661,0.122148278,0.07912204,0.064188497,0.143846649,0.139374196,0.128963937,0.138536874,0.113198836,0.074041819,0.153418286,0.17208902,0.245924685,0.259355138,0.335378516,0.292634944,0.401331477,0.347718104,0.343500025,0.323004022,0.078435751,0.138581156,0.160003515,0.265359647,0.359400236,0.397745192
0,0.19975674,0.271412965,0.26518735,0.274672757,0.248519541,0.220704457,0.231932708,0.170092201,0.229587924,0.176637058,0.22851994,0.284078994,0.276414068,0.297297305,0.284062112,0.253550891,0.128291882,0.097174619,0.161261761,0.130037318,0.173413185,0.160913964,0.143673229,0.185014876,0.108291747,0.148107143,0.109505482,0.103012611,0.125771163,0.125382061,0.094772934,0.113985374
0,0.039510994,0.055998469,0.061441031,0.077534287,0.083547184,0.087088171,0.056784405,0.052551438,0.045451742,0.031121029,0.073102078,0.081866786,0.104153406,0.10185819,0.056744517,0.057145279,0.200448085,0.266774627,0.267158237,0.384546733,0.30931061,0.377888017,0.333496428,0.281965797,0.260696795,0.167244405,0.136037048,0.18294246,0.239170673,0.266633746,0.302720301,0.26443398
0,0.168849472,0.173662628,0.168876784,0.202590905,0.207006134,0.180575548,0.201749018,0.166470179,0.174707781,0.188751525,0.203564164,0.222802173,0.194027594,0.218103145,0.171790971,0.179647922,0.154769262,0.122839316,0.161517905,0.157240681,0.196955613,0.160443611,0.230167183,0.204033433,0.131134605,0.133596068,0.12817928,0.169687342,0.211985947,0.104842804,0.171968067,0.097656583
0,0.054711669,0.041757201,0.049009161,0.066491612,0.080424625,0.092439274,0.080256448,0.105980327,0.029801711,0.033469825,0.064234775,0.059834243,0.084649901,0.106150588,0.069828602,0.057988001,0.088906482,0.091658383,0.101473299,0.143517489,0.195699575,0.21248433,0.225281403,0.302026327,0.089868011,0.117024143,0.099271757,0.116289885,0.340486974,0.315455696,0.139740594,0.133236693
0,0.119832701,0.142962484,0.131584339,0.162235471,0.12401491,0.138021907,0.137114846,0.12398833,0.097047699,0.105508632,0.132373477,0.120484058,0.144491207,0.130380664,0.110170512,0.107161772,0.072160623,0.09646183,0.113350525,0.105408904,0.16834163,0.122138603,0.192674833,0.181150875,0.084709084,0.101718574,0.048776259,0.069597796,0.085708262,0.119582877,0.087849305,0.076772407
0,0.186785544,0.137024519,0.233703175,0.201531435,0.195347654,0.179038668,0.161445385,0.188710788,0.147365729,0.18035922,0.184098213,0.186158907,0.165062195,0.199514842,0.160628515,0.16474869,0.074553832,0.074492891,0.135406471,0.123873754,0.142425979,0.111449244,0.194875981,0.186868533,0.171272872,0.153995563,0.099445845,0.103444449,0.135193879,0.155053973,0.148054175,0.140249017
0,0.205360074,0.208471355,0.198442473,0.132414207,0.127140969,0.115529818,0.130508765,0.141419252,0.116991991,0.134869609,0.153804023,0.174859389,0.134139935,0.162452557,0.119505001,0.141817721,0.060503407,0.037961507,0.179759881,0.128450111,0.241652426,0.2147429,0.154240495,0.163218575,0.100603768,0.097572644,0.115277946,0.068773766,0.177629873,0.150024994,0.108731727,0.079599558
0,0.086114368,0.099233335,0.119117967,0.119542366,0.138854659,0.125078532,0.17263614,0.154499639,0.081135089,0.114581328,0.119530123,0.150952913,0.169350038,0.202351865,0.110902699,0.102713393,0.060273961,0.063615033,0.082878548,0.086552422,0.087212629,0.087562969,0.114675066,0.143213705,0.062654571,0.072445701,0.080389028,0.090084447,0.165672489,0.131343185,0.073021716,0.066670348
0,0.128559088,0.101776653,0.139793436,0.146543307,0.169356178,0.166847064,0.16412778,0.075481934,0.139510016,0.115974867,0.211643163,0.152443715,0.193939343,0.202785954,0.156036723,0.145911206,0.083736165,0.104180364,0.152867504,0.189407515,0.156082286,0.133736561,0.09502929,0.049254464,0.056998286,0.056667723,0.096005449,0.090801569,0.128932617,0.148678958,0.067680127,0.086037141
0,0.100412458,0.110895769,0.120518668,0.119154823,0.077121717,0.087972246,0.112366861,0.069659093,0.129059822,0.081695961,0.120964093,0.144869418,0.116504705,0.140547726,0.128823477,0.100926499,0.135779959,0.148646505,0.164484432,0.198346425,0.173172703,0.23237146,0.19517116,0.191852125,0.1128371,0.107611925,0.119227743,0.161402171,0.18018618,0.210676533,0.211110429,0.153958819
0,0.085167972,0.088807907,0.093381276,0.113814869,0.087082576,0.066144302,0.069914342,0.107841408,0.076256903,0.105138994,0.079435652,0.120289983,0.101241576,0.115676889,0.0921258,0.108437823,0.231409664,0.20287812,0.297090221,0.182140904,0.212123709,0.215589907,0.203785955,0.225889868,0.174477682,0.11011258,0.112368761,0.205785447,0.248900272,0.238619538,0.228990995,0.127199556
0,0.080074385,0.083423586,0.076953456,0.083090887,0.086117757,0.097950088,0.0988112,0.084599465,0.067341935,0.088331272,0.114763644,0.098403397,0.079068049,0.121738227,0.083028883,0.08512259,0.182924206,0.131504118,0.210149118,0.14723877,0.196852896,0.160854141,0.231841834,0.230237782,0.116921216,0.190912914,0.156538128,0.14635756,0.263537838,0.123654003,0.156128075,0.197700246
0,0.084061534,0.091847437,0.142391965,0.112561149,0.11610071,0.134188223,0.111272001,0.146656465,0.07407021,0.106748571,0.162852708,0.147861073,0.132224572,0.127766848,0.103681384,0.143911538,0.227669442,0.164663188,0.156818203,0.13624561,0.148981314,0.142907006,0.222685051,0.208744306,0.144597399,0.103979902,0.126854301,0.163317652,0.253920924,0.119723864,0.147421318,0.128443391
0,0.210864176,0.205998479,0.326413452,0.332193525,0.235537212,0.273873715,0.229142396,0.173951428,0.207492843,0.192900872,0.173595175,0.156982612,0.226632192,0.262024373,0.249179553,0.256711254,0.114106423,0.101986338,0.149324634,0.156640039,0.203068943,0.192849587,0.190651458,0.180190617,0.132109542,0.154652343,0.155149293,0.074080649,0.14603861,0.161422594,0.139758171,0.147255321
0,0.219555822,0.169810063,0.271078692,0.199452734,0.171200418,0.176546048,0.158340301,0.140907267,0.145174161,0.130599136,0.176200691,0.134793998,0.161380741,0.19601628,0.109071128,0.198320815,0.123777263,0.109448069,0.129787059,0.157473314,0.122130981,0.205638295,0.154805216,0.210729403,0.233301571,0.296305789,0.124983315,0.077154777,0.196893055,0.180316001,0.352434752,0.306467
0,0.089045603,0.072219795,0.147665024,0.107230098,0.171373296,0.137891451,0.0819172,0.106345971,0.049660746,0.089646392,0.143478035,0.072216307,0.168759489,0.141678311,0.100077507,0.134085453,0.29198566,0.345369597,0.259257453,0.270366382,0.292677635,0.2612104,0.266553823,0.319233,0.080681577,0.101555238,0.321828204,0.303956947,0.306042242,0.276501181,0.193058943,0.238573487
0,0.277134942,0.123652894,0.240621987,0.204627296,0.217323641,0.19659246,0.250509099,0.151844269,0.128193994,0.127682654,0.210566711,0.193257684,0.184409942,0.23059292,0.126183176,0.163830745,0.104337585,0.099965631,0.165327689,0.174335032,0.16507195,0.191968592,0.178782943,0.2588217,0.299180061,0.256248377,0.113232524,0.133188388,0.147080626,0.165960619,0.196345487,0.231880082
0,0.134033034,0.073386166,0.114380669,0.140018198,0.129501417,0.203771827,0.118923921,0.174249706,0.087562127,0.11577275,0.17025187,0.14456153,0.139483301,0.140372319,0.126718681,0.127866766,0.151906455,0.246574327,0.128920131,0.218994025,0.142106712,0.121956185,0.15410225,0.111475111,0.090489531,0.067880827,0.092782131,0.122648372,0.204547796,0.300101903,0.148570209,0.150384034
0,0.219209761,0.176175532,0.217452697,0.201384606,0.268563998,0.206453713,0.219137283,0.188966343,0.194612797,0.222315346,0.295925782,0.200767281,0.198644504,0.263385386,0.178614531,0.202080651,0.157763177,0.237600143,0.282020098,0.227472543,0.288066497,0.193135093,0.223320075,0.228204906,0.207108533,0.181967546,0.158876221,0.20179745,0.263071086,0.218331973,0.21965437,0.21056203
0,0.096322014,0.095107747,0.221392717,0.156074788,0.129286684,0.182520248,0.089472672,0.094796632,0.081274522,0.06244314,0.137390039,0.15122591,0.123050897,0.112003332,0.091113352,0.067550388,0.165073573,0.237304761,0.224144072,0.187935876,0.350896044,0.248003667,0.377498751,0.356677713,0.42783507,0.367327373,0.115046927,0.246394758,0.318279722,0.299350848,0.399410069,0.374008134
0,0.115996103,0.141971465,0.141780227,0.146078828,0.153002808,0.114627534,0.143107092,0.120911419,0.116493195,0.085290314,0.103035721,0.152120312,0.09281454,0.149757562,0.10971273,0.101492394,0.094545441,0.095060941,0.09280504,0.140507235,0.176457029,0.200296318,0.16748569,0.25707181,0.168729408,0.143586384,0.048926561,0.090583084,0.214350819,0.211040932,0.204863478,0.124848796
0,0.085349342,0.090029823,0.162040865,0.151229932,0.207735138,0.131749699,0.174651812,0.170358392,0.162849989,0.163593448,0.201171866,0.252279999,0.229251649,0.225675353,0.181088612,0.146612463,0.294190356,0.205668753,0.313131275,0.152062426,0.193167421,0.184206192,0.218630341,0.239208691,0.171809907,0.153606695,0.201237455,0.216139366,0.165862672,0.267824755,0.201683391,0.149188551
0,0.154962065,0.13326245,0.114129722,0.122758901,0.109809139,0.188471217,0.133742946,0.158958238,0.081935584,0.095042213,0.153529106,0.114814497,0.155659449,0.192042213,0.11845237,0.067467764,0.110562284,0.080009262,0.064965935,0.116395733,0.114105423,0.162501489,0.149256373,0.131880684,0.112483928,0.094187734,0.156833941,0.264144248,0.156697879,0.167547733,0.145030838,0.096737728
0,0.154764507,0.141015788,0.159606436,0.158940199,0.159044027,0.167524117,0.168620927,0.136995086,0.160116932,0.184969129,0.158494829,0.141346268,0.169924524,0.159666634,0.207942575,0.213342722,0.162813829,0.097477159,0.161714799,0.139095171,0.193701149,0.163296941,0.176798529,0.172453908,0.095663864,0.115105791,0.148366914,0.156851751,0.221323248,0.234325053,0.114229399,0.199000032
0,0.09787301,0.082679191,0.130889,0.079820399,0.139878062,0.191022363,0.097884832,0.101958892,0.094961102,0.08605605,0.15722688,0.152305834,0.12547873,0.095110813,0.094104275,0.112466163,0.230895283,0.401073055,0.323275806,0.330091751,0.340294033,0.132571706,0.379179287,0.321928012,0.275402223,0.273957232,0.124735248,0.155133376,0.257394472,0.303222258,0.31541498,0.249947717
0,0.118921675,0.081428259,0.099774598,0.038135288,0.137438322,0.08567934,0.072550559,0.07330505,0.074040594,0.091435571,0.116848252,0.134675895,0.146132529,0.088537934,0.065161106,0.13146194,0.042902503,0.180000148,0.149658602,0.299284393,0.235719461,0.238057595,0.155007934,0.157243146,0.081500602,0.10145605,0.148916912,0.191599746,0.316231683,0.242943923,0.162914491,0.294126007
0,0.098913704,0.084372516,0.052689456,0.062461752,0.07338548,0.078434554,0.067815504,0.076550494,0.030342033,0.031882081,0.10386728,0.094411014,0.084522711,0.053629837,0.065731097,0.039872974,0.112426517,0.112755611,0.150861593,0.194085844,0.233000058,0.20376093,0.278417648,0.241280987,0.170362054,0.159084823,0.132192941,0.153304621,0.181855443,0.177586801,0.241629871,0.306194421
0,0.1669005,0.105337509,0.165023883,0.150743318,0.155043429,0.176420015,0.101677982,0.181536516,0.160290325,0.103133172,0.182418909,0.130105565,0.158070181,0.133707504,0.090590733,0.136008601,0.206070152,0.295960635,0.297526008,0.238491015,0.333708882,0.116936634,0.459864873,0.148617117,0.233666233,0.220441403,0.246046985,0.262599167,0.356854901,0.39086628,0.516570699,0.284121572
0,0.148481122,0.094003523,0.112252978,0.129124616,0.119903564,0.090617567,0.107170616,0.096936157,0.078624523,0.080494602,0.102536851,0.129283971,0.122367493,0.073713365,0.098698631,0.090858306,0.107655182,0.101991177,0.135854806,0.116512418,0.192210095,0.239191529,0.207383466,0.204597631,0.147164406,0.138957577,0.111932455,0.129678944,0.232463445,0.477797645,0.200382295,0.156140032
0,0.121229582,0.145288168,0.149800873,0.169821921,0.148519079,0.150780079,0.163230146,0.13493348,0.151231057,0.115753635,0.172431732,0.207737703,0.165951036,0.151705245,0.135412327,0.118152809,0.128734016,0.089832312,0.128404595,0.15638906,0.157883876,0.14466961,0.166263869,0.192476204,0.137767983,0.148158697,0.110750152,0.09128662,0.135375059,0.176186416,0.114673697,0.141273965
0,0.112832569,0.156504143,0.119122977,0.075218729,0.09019981,0.103064469,0.106999324,0.092107468,0.109147456,0.081457727,0.122181489,0.125882899,0.088010423,0.116881076,0.100490429,0.095787636,0.189901138,0.218968477,0.296488679,0.361547045,0.326435132,0.267360553,0.350780839,0.303190615,0.208651618,0.16897569,0.118362178,0.201535879,0.263381288,0.336969686,0.284133692,0.146552771
0,0.144681435,0.118391262,0.194809231,0.21846543,0.167792583,0.159755692,0.125819133,0.137181192,0.139788537,0.155341615,0.199935705,0.158189371,0.185657078,0.140211785,0.138608212,0.153190904,0.164493475,0.135220209,0.253193116,0.239325506,0.22873631,0.205091004,0.226040537,0.241689551,0.292416988,0.274650753,0.143181757,0.188336592,0.181367872,0.259376053,0.329978602,0.300694006
0,0.158307529,0.113772652,0.149012167,0.206982649,0.176265687,0.169640631,0.151520787,0.125987762,0.131380031,0.106697173,0.224484349,0.214804012,0.14785596,0.126949343,0.165919249,0.13672427,0.195654729,0.088489657,0.195980363,0.15419305,0.244087115,0.22612346,0.265300771,0.237224784,0.141308335,0.107277027,0.228919259,0.137017699,0.222994047,0.230734476,0.207922413,0.151417528
0,0.239801326,0.141644055,0.329777374,0.287939574,0.337007094,0.27223981,0.26207555,0.316189973,0.192738278,0.337191986,0.248382651,0.204754373,0.304134224,0.319869049,0.263407772,0.388284572,0.106018078,0.048978017,0.127063407,0.093953557,0.121959516,0.10051093,0.09097966,0.119011729,0.072677574,0.104908193,0.051950137,0.051147325,0.069801713,0.102341483,0.090071498,0.09992281
0,0.098057576,0.086015922,0.092746788,0.072416362,0.108109363,0.07355438,0.089388004,0.071542061,0.072602426,0.075902479,0.109929766,0.089946235,0.087704832,0.070682134,0.082641903,0.104433497,0.262169275,0.174557461,0.263036524,0.27992651,0.199483669,0.333311285,0.350851699,0.40683214,0.330307,0.35713579,0.20670503,0.176685648,0.176459268,0.184972173,0.30023212,0.337603188
0,0.097443686,0.095017819,0.132790111,0.111700257,0.140396129,0.108970744,0.095637954,0.070632642,0.098325705,0.074519358,0.132573547,0.106474602,0.125273753,0.126379374,0.107688033,0.102057407,0.171583769,0.192450789,0.223906575,0.241417827,0.249037938,0.279443565,0.222551977,0.28645416,0.134691064,0.197054678,0.195065533,0.189267533,0.206455486,0.273160021,0.309950003,0.160415657
0,0.233166292,0.156322899,0.258127183,0.176815561,0.165999144,0.148148387,0.14840561,0.144615447,0.151103035,0.156116901,0.199222673,0.164493614,0.178451376,0.16558002,0.217476713,0.149950523,0.238607757,0.218860395,0.258486073,0.301522898,0.28056841,0.286750771,0.264315546,0.265883891,0.17371335,0.205778138,0.148900757,0.185510866,0.241354879,0.262285449,0.260255056,0.223063581
0,0.091781793,0.103537227,0.176835497,0.118234704,0.179177049,0.178549061,0.15941717,0.128646964,0.160792106,0.116645176,0.141310507,0.201305952,0.11543404,0.127701286,0.157153709,0.139941493,0.090061447,0.145278919,0.246537757,0.252974305,0.284282973,0.293457617,0.304626499,0.364882122,0.32066879,0.328844911,0.162697809,0.159620086,0.22063813,0.148432438,0.294331935,0.244754322
0,0.082586588,0.073340693,0.157396558,0.171479181,0.124830501,0.101696881,0.143287727,0.104464367,0.100531249,0.109547739,0.151870908,0.124553077,0.16885548,0.105451062,0.108821699,0.122799692,0.335034433,0.255426284,0.255142937,0.276657751,0.34112178,0.343699279,0.108856255,0.283384098,0.151252552,0.153477152,0.160869978,0.208033958,0.201046206,0.345529374,0.215090983,0.242260456
0,0.049155968,0.059618187,0.09069747,0.089036488,0.193725246,0.116161594,0.128120231,0.08642862,0.112684472,0.073279677,0.096072926,0.158027052,0.114651732,0.114432431,0.107707706,0.138092729,0.150991047,0.099737037,0.335486985,0.317901825,0.17267923,0.218613202,0.130222538,0.186481307,0.121042107,0.128740956,0.20987276,0.216252509,0.276356367,0.271339737,0.160895367,0.12225538
0,0.152417482,0.138345221,0.17473153,0.207997171,0.17613972,0.20653227,0.163709878,0.215137665,0.197921905,0.181434217,0.196921808,0.172431455,0.192392149,0.160276172,0.205829733,0.17855996,0.119822492,0.122596948,0.16307602,0.163416331,0.153020776,0.122741063,0.131130705,0.097923324,0.1128302,0.084823178,0.079775882,0.130819356,0.12753384,0.161805394,0.161547406,0.13384491
0,0.091858376,0.061275606,0.059254483,0.054560014,0.065723768,0.063023533,0.060975025,0.079906187,0.040962863,0.047279643,0.110546418,0.087359077,0.166897493,0.071952918,0.086401412,0.043270103,0.143186368,0.113293114,0.169344655,0.122828847,0.196436961,0.168893416,0.182097572,0.210890702,0.094453279,0.092273133,0.108987516,0.144386717,0.181602624,0.195048553,0.096322947,0.087550164
0,0.118147242,0.133656564,0.143612882,0.201015239,0.130323957,0.189751416,0.15638249,0.145498485,0.209458478,0.199447172,0.172459855,0.192552881,0.165034547,0.119328851,0.113284079,0.172796881,0.192812411,0.133718285,0.165797886,0.142783196,0.133568854,0.130408467,0.157624732,0.161845021,0.095631873,0.096969351,0.132942941,0.14221763,0.13773249,0.291904027,0.089455464,0.090960102
0,0.172693579,0.130613018,0.187154509,0.18313478,0.203881785,0.169048974,0.083952269,0.102546922,0.081295913,0.105376002,0.179820989,0.146585772,0.185594274,0.149896007,0.109192428,0.119917687,0.132519992,0.131569709,0.140143238,0.19095215,0.192665027,0.193922768,0.230043402,0.213344747,0.229012824,0.158474054,0.077548565,0.112586514,0.145754173,0.162813798,0.220790308,0.137506111
0,0.260538533,0.248371758,0.342756914,0.252574632,0.500854334,0.469027917,0.390725247,0.347897611,0.242372524,0.302318089,0.262316085,0.307645147,0.271815636,0.273777805,0.299945388,0.339597744,0.072515606,0.072701259,0.097743825,0.09181736,0.086506364,0.093997139,0.100872275,0.121967033,0.099244026,0.114026166,0.034708473,0.098449557,0.094918007,0.054387091,0.136269733,0.105885514
0,0.16933429,0.150422961,0.170241073,0.16757507,0.146536141,0.16075574,0.124678707,0.098977232,0.187571539,0.160704461,0.145564014,0.154025197,0.159872708,0.14868621,0.154686119,0.161233474,0.153060926,0.181792262,0.199994307,0.207143244,0.244563833,0.26128584,0.236310128,0.249548363,0.232096296,0.192940295,0.086851502,0.189362036,0.248202976,0.227353215,0.235362977,0.208034268
0,0.110074265,0.086775337,0.108058874,0.088702113,0.124617354,0.096669813,0.101572522,0.109310903,0.065665284,0.068115471,0.091086628,0.131959203,0.099385747,0.145623102,0.085396295,0.108416022,0.071344026,0.056506249,0.065297077,0.064391563,0.089494639,0.078867749,0.115298602,0.104175717,0.074901892,0.058221808,0.060545537,0.104285492,0.172854922,0.130465928,0.08599512,0.063342028
0,0.111602627,0.075480469,0.080135424,0.077059765,0.065947479,0.08060179,0.064315167,0.105281312,0.043711807,0.07662918,0.128725605,0.101672448,0.108013496,0.087304338,0.055525982,0.119821733,0.106800257,0.112909611,0.090809873,0.115302474,0.121318313,0.136031112,0.153648618,0.182649491,0.074759716,0.073737992,0.102469068,0.127136528,0.287096978,0.257944297,0.095132218,0.043965887
0,0.393274251,0.35858555,0.359467341,0.379176465,0.28575989,0.373866466,0.272574292,0.378758608,0.242812486,0.359584546,0.375072205,0.295438626,0.365430803,0.321621462,0.282010793,0.378464989,0.041672922,0.031299201,0.059028911,0.046341516,0.076983122,0.0543348,0.059677603,0.071180103,0.044577407,0.050359883,0.038645037,0.042117217,0.046729986,0.055902065,0.046985961,0.038945117
0,0.244227374,0.266062238,0.507977484,0.444520906,0.41583202,0.385716127,0.2977347,0.357541381,0.292870564,0.328572425,0.24616737,0.243693358,0.2655745,0.294910086,0.301348214,0.383088442,0.148799432,0.099783858,0.107936378,0.10140472,0.1146008,0.122546951,0.146916134,0.123524705,0.112403202,0.084201978,0.070313632,0.109042686,0.118874301,0.152008641,0.140826844,0.107808916
0,0.169405285,0.209219464,0.216580818,0.233691452,0.19321716,0.22416801,0.213786878,0.203377138,0.203778076,0.207578287,0.224829546,0.19584107,0.220266271,0.219353528,0.199941726,0.219185187,0.095199534,0.136579215,0.125151074,0.142307299,0.148183333,0.162536668,0.112841861,0.129395243,0.059856932,0.069805605,0.12567024,0.139552221,0.163863288,0.177363197,0.109769385,0.078995069
0,0.115111477,0.134319488,0.174234276,0.153379244,0.183358148,0.180428749,0.111935601,0.108510397,0.157839069,0.106481814,0.155251444,0.133062497,0.144224792,0.140849424,0.162023131,0.12704184,0.444701379,0.351385032,0.323070986,0.268082766,0.288356905,0.315360385,0.438707236,0.398514746,0.419496836,0.346553881,0.344160356,0.276206413,0.342994834,0.317820325,0.297748605,0.347206811
0,0.473469691,0.403458088,0.474532829,0.35914977,0.331644485,0.27121581,0.258754509,0.224993959,0.260019617,0.215844494,0.318478389,0.294982579,0.278508776,0.272913076,0.285613727,0.254530273,0.083790927,0.113034891,0.104065171,0.129417318,0.169764079,0.160816079,0.166678978,0.144881024,0.10063044,0.077945532,0.071082922,0.144453658,0.089589401,0.154203856,0.088052116,0.089622475
0,0.179396441,0.149277083,0.213056213,0.182068803,0.20419991,0.205031975,0.20375553,0.16767335,0.193176031,0.175095197,0.184256634,0.164824252,0.18468211,0.218248247,0.20355021,0.18845735,0.105176271,0.080058051,0.114349827,0.094117186,0.163698886,0.126997041,0.163393311,0.169673216,0.091269475,0.161609783,0.087023514,0.083752723,0.14231687,0.164012764,0.092240861,0.163570583
0,0.118669118,0.109625855,0.168732767,0.160894122,0.224250523,0.229709937,0.159196461,0.173891702,0.107546804,0.152875108,0.14164189,0.131486056,0.193338238,0.240883645,0.161806143,0.186248091,0.077988676,0.092142575,0.101009793,0.113120213,0.133360347,0.117516544,0.099851079,0.082837495,0.077458035,0.073207102,0.060711068,0.102986828,0.119825835,0.149486659,0.121109868,0.09309895
0,0.151936028,0.19420912,0.210056771,0.22514767,0.202925325,0.197238032,0.127932273,0.126474029,0.11789263,0.119641048,0.166283289,0.194498482,0.196758015,0.167795482,0.203196581,0.167409707,0.120933645,0.1252363,0.19695578,0.177762296,0.213624152,0.232507595,0.237153099,0.29894923,0.190383418,0.223184262,0.097682801,0.125129446,0.170177895,0.226274305,0.204187669,0.2112915
0,0.197976879,0.136772508,0.225751587,0.213824641,0.207457496,0.215199037,0.171142326,0.196518841,0.205772926,0.193553852,0.146183613,0.112462713,0.185421943,0.173090958,0.191507359,0.201724538,0.042568409,0.050664748,0.061828166,0.087368765,0.097775921,0.105776451,0.106015072,0.085050316,0.082010479,0.070021017,0.034155454,0.056944761,0.074004825,0.077636074,0.088643933,0.071417138
0,0.093111416,0.10848113,0.121677582,0.152560664,0.11858928,0.154015641,0.119052982,0.089705802,0.090502902,0.059012057,0.13506363,0.149475772,0.126644872,0.145229616,0.102007223,0.05212549,0.06921857,0.072219557,0.145806138,0.173208543,0.162558306,0.195026842,0.164566349,0.095112216,0.103532217,0.063345738,0.121131832,0.143990079,0.210905989,0.258746156,0.197410581,0.098622165
0,0.127071529,0.191277639,0.120666529,0.149779606,0.111221481,0.114162468,0.1104771,0.103948025,0.082653916,0.084041679,0.154657143,0.149524982,0.137415725,0.126433701,0.111685464,0.094184843,0.09570027,0.106674043,0.098387403,0.085918728,0.168228252,0.119147442,0.12681461,0.11904658,0.071930431,0.056429749,0.10850094,0.150281086,0.295905484,0.267681507,0.241480689,0.081709732
0,0.087070625,0.120103408,0.101432871,0.114244975,0.091559969,0.094371508,0.090431149,0.0820141,0.081559881,0.095853077,0.132864521,0.133097867,0.113781542,0.105547524,0.095734246,0.098606167,0.168204407,0.178395237,0.186960472,0.192226204,0.252896133,0.215825139,0.274141779,0.18590031,0.166246592,0.114550402,0.138530718,0.174346761,0.246874817,0.288609337,0.274602912,0.158951382
0,0.117519668,0.101262219,0.163587298,0.111460544,0.155588851,0.123801831,0.11403095,0.144945979,0.08889532,0.144670926,0.203103596,0.110906423,0.128998291,0.109444954,0.101142712,0.14313529,0.115977372,0.122698326,0.130341241,0.152368772,0.161544057,0.149493938,0.185383189,0.137137777,0.159795921,0.119838652,0.051590645,0.143652005,0.152313094,0.163493138,0.151687791,0.119023069
0,0.099605168,0.111589117,0.106506077,0.206289124,0.119361659,0.139726979,0.110616329,0.108444358,0.129997986,0.126336687,0.070408059,0.160247264,0.095558551,0.089797847,0.118791933,0.08791218,0.103929091,0.134798636,0.181884394,0.085939011,0.163475947,0.212516092,0.139882773,0.166702571,0.193098433,0.142096673,0.124858519,0.067139941,0.123190589,0.056308314,0.135273001,0.054642115
0,0.086360709,0.111521519,0.092626677,0.082559452,0.111725106,0.09745831,0.110726469,0.098793795,0.096461732,0.104236713,0.134808015,0.155433937,0.138816144,0.144370171,0.11065006,0.121125545,0.123936903,0.100193343,0.223616755,0.171043122,0.292155922,0.218937368,0.224017218,0.332522806,0.156981523,0.188204799,0.149599078,0.140475337,0.199335533,0.200604577,0.172392892,0.169839662
0,0.16526147,0.174072489,0.233806454,0.211139075,0.206392929,0.178519169,0.165095358,0.124203766,0.119626785,0.132799819,0.201051556,0.17441453,0.16770272,0.14322293,0.128586774,0.15673502,0.13198527,0.101025521,0.188299423,0.164698309,0.198313507,0.194474057,0.156307483,0.213210215,0.094354248,0.130325511,0.161582178,0.124918243,0.148122842,0.173494741,0.101283654,0.144997422
0,0.112230023,0.149432517,0.115322818,0.125517164,0.114248227,0.122406751,0.108266502,0.100624991,0.096759331,0.070982553,0.135916469,0.171605755,0.114467692,0.16065487,0.110445688,0.092232175,0.078185854,0.081154939,0.0792254,0.084326933,0.101088822,0.095361383,0.104985382,0.132898856,0.091824414,0.068086383,0.090773032,0.084280927,0.117046164,0.129248461,0.111780985,0.089775718
0,0.177618919,0.175332731,0.200247494,0.186112231,0.183798555,0.125372255,0.158530282,0.134113986,0.169314154,0.104645473,0.207037025,0.191452037,0.172605908,0.203125698,0.164378666,0.130961711,0.196544182,0.120249549,0.174510631,0.192823407,0.206408201,0.2485993,0.251136274,0.328761652,0.146433441,0.175664715,0.200401051,0.203132449,0.237306163,0.273842082,0.219793149,0.234277228
0,0.107408858,0.103510376,0.13113447,0.120222271,0.106180438,0.10299934,0.116371397,0.305451145,0.092975008,0.16194971,0.107992361,0.14142947,0.110547166,0.143581942,0.103885351,0.124608857,0.078608788,0.124939579,0.143109726,0.177372294,0.138813914,0.159596313,0.155558045,0.124237565,0.177171833,0.084215095,0.116668257,0.168962068,0.126820365,0.1947933,0.193244723,0.173066668
0,0.126183641,0.131051985,0.133499995,0.114982113,0.092611142,0.116176468,0.099199141,0.121802565,0.098807058,0.103446092,0.128751928,0.113773789,0.118934291,0.107761687,0.127808907,0.120445405,0.039153775,0.047336868,0.041868348,0.042727777,0.05350341,0.050533643,0.070883362,0.05740781,0.028446094,0.029525402,0.052458333,0.058713949,0.113931262,0.080909871,0.084093718,0.077030467
0,0.172321113,0.135427793,0.129060245,0.105094854,0.192275207,0.110528,0.112173279,0.090166415,0.119013552,0.105968872,0.094998767,0.128653534,0.081167777,0.126222514,0.105181504,0.05800319,0.209964487,0.248705929,0.375784281,0.4108779,0.218399803,0.405213579,0.448633801,0.392346223,0.422459727,0.455398017,0.427757203,0.413057716,0.478807343,0.375528945,0.465360128,0.516214424
0,0.177192858,0.177888143,0.19944651,0.211211465,0.203597024,0.178312194,0.214433555,0.224928991,0.167004266,0.173733826,0.149576762,0.180210653,0.112647117,0.044096894,0.186719964,0.152047453,0.160352895,0.119674704,0.119489653,0.08969478,0.131430572,0.141190894,0.168512873,0.140789818,0.102979653,0.07626408,0.095101578,0.085946699,0.406073483,0.600821472,0.177625322,0.115310614
0,0.069665028,0.07448272,0.071041075,0.077038417,0.074907075,0.078031581,0.076427522,0.067894797,0.044597634,0.057208727,0.090628121,0.074931587,0.080434408,0.075637598,0.067350642,0.07707642,0.359008763,0.396279432,0.403615714,0.352650874,0.420978872,0.366072485,0.479278028,0.492498892,0.207325226,0.335043667,0.242485888,0.4169936,0.454870013,0.445095402,0.258652784,0.291302964
0,0.158953504,0.118444049,0.141333459,0.167037577,0.141591343,0.097365868,0.149859593,0.107582261,0.15330557,0.135133203,0.073777642,0.167985803,0.105869805,0.089329392,0.149681919,0.104658953,0.254513907,0.286115802,0.321962798,0.291147973,0.280848474,0.437647247,0.244757707,0.331751606,0.232173182,0.207532092,0.456316976,0.1748459,0.398041661,0.346073812,0.25879339,0.171047869
0,0.178368716,0.175350238,0.252191151,0.192332874,0.200597557,0.171186809,0.164687051,0.177208997,0.184701985,0.179060463,0.174769273,0.143922597,0.245001296,0.146954579,0.258277011,0.195776288,0.067683341,0.098383313,0.219137482,0.14512341,0.227648909,0.142391266,0.19039224,0.208323137,0.145154047,0.18315833,0.075580565,0.185458668,0.181057476,0.070399973,0.190788515,0.175919029
0,0.09374192,0.082294865,0.098447445,0.073576062,0.08855229,0.102196008,0.103026493,0.087768091,0.092320819,0.079109375,0.135888637,0.13411954,0.117742476,0.121655875,0.094458646,0.103900419,0.397658253,0.391318466,0.438780374,0.451157281,0.383919284,0.438293513,0.416699603,0.440060594,0.297603486,0.258602978,0.320527664,0.350133818,0.353113375,0.429307439,0.404452409,0.324867522
0,0.150026515,0.168728125,0.197691633,0.202310888,0.227236299,0.193979514,0.162314402,0.16409767,0.097069522,0.102678294,0.109082319,0.154356509,0.175178419,0.164462157,0.140548492,0.152864418,0.061086575,0.096699858,0.140886826,0.157751105,0.178026375,0.183544362,0.160497275,0.147864829,0.116242358,0.119584713,0.070420189,0.154929043,0.209893387,0.266526638,0.193961975,0.173350426
0,0.056956764,0.07987429,0.032044422,0.047844959,0.047305507,0.041966328,0.034481417,0.03554396,0.019434476,0.026213673,0.056109272,0.079672252,0.049118432,0.029637862,0.026856839,0.032002444,0.163017344,0.166294431,0.333119624,0.248938787,0.390766435,0.364152324,0.276734619,0.352173908,0.140466461,0.208248866,0.183073233,0.198561668,0.49903444,0.547298812,0.214080032,0.266245327
0,0.136220649,0.170815365,0.143450251,0.176837146,0.125297289,0.146162102,0.145514663,0.100929312,0.187593153,0.147024234,0.144624707,0.209139273,0.166588723,0.148807812,0.193697295,0.152407246,0.136344278,0.123661801,0.218461963,0.19561507,0.21394414,0.227355122,0.20862446,0.215600864,0.094341213,0.122233455,0.124815707,0.128943583,0.206207451,0.19234547,0.147127533,0.154271417
0,0.118386393,0.104577456,0.126995214,0.111837858,0.114593132,0.10018445,0.121895541,0.082525653,0.097170282,0.077870646,0.110619391,0.102201852,0.1052938,0.074227166,0.059405348,0.074924222,0.22219102,0.236614176,0.244025668,0.244069661,0.316219905,0.301340935,0.276197719,0.276558809,0.122224435,0.172584365,0.163413822,0.321154227,0.226205405,0.318609741,0.104531243,0.189546963
0,0.211243437,0.231545243,0.242456575,0.235056043,0.172315182,0.205880375,0.156968578,0.192198722,0.236861744,0.240834697,0.226044752,0.24013403,0.13906318,0.151080087,0.271245156,0.220524897,0.181904226,0.222012633,0.220196444,0.274133521,0.17955165,0.251533964,0.13325815,0.176100031,0.108371393,0.131656849,0.190543239,0.18409938,0.459040845,0.241353249,0.147651883,0.176520608
0,0.114757627,0.089858819,0.132966875,0.122576581,0.139407412,0.108741971,0.10489239,0.103003356,0.092517848,0.108359891,0.124402986,0.106252729,0.127706704,0.119289704,0.100170694,0.125634456,0.227430418,0.219623131,0.271012056,0.299025484,0.371709752,0.270113706,0.475240283,0.376439626,0.256039351,0.361142204,0.165513622,0.184057185,0.334093257,0.369170689,0.238268904,0.364256367
0,0.227370993,0.227397271,0.348946006,0.338014176,0.395027409,0.404642589,0.319581052,0.307063415,0.292478564,0.272620382,0.301780463,0.27522589,0.364193129,0.370823201,0.358336129,0.367714225,0.146197739,0.13576065,0.16615509,0.170962768,0.149470761,0.136425173,0.162329027,0.127634877,0.162541517,0.130275035,0.123637318,0.158529935,0.143970004,0.165463586,0.133276623,0.11277125
0,0.122391018,0.117068035,0.135774562,0.145472661,0.125327709,0.174489423,0.111760657,0.125589936,0.089677099,0.072539056,0.140150876,0.157740957,0.162185538,0.170440736,0.118122807,0.102933885,0.111754655,0.127829719,0.141079258,0.160214759,0.206565701,0.170815398,0.157054151,0.162830005,0.101802377,0.100902108,0.086731023,0.127940536,0.161325021,0.306135749,0.126708308,0.175891055
0,0.184088322,0.170286795,0.18747497,0.171388511,0.130359307,0.175866321,0.154205375,0.149901482,0.174385751,0.174551309,0.162085598,0.216625353,0.141037962,0.155503089,0.17407211,0.164518806,0.14540683,0.22520136,0.260495615,0.307494605,0.390802513,0.351703053,0.369226552,0.391165468,0.278415712,0.282832955,0.153707667,0.187121645,0.332244056,0.351092457,0.300246818,0.259869941
0,0.154472574,0.145806289,0.105703253,0.116842156,0.128859243,0.112831206,0.116219512,0.090797475,0.090870849,0.070038562,0.135824213,0.165159716,0.110104486,0.08428741,0.11375983,0.080404044,0.078292613,0.070839271,0.151414106,0.1665012,0.274802728,0.204946918,0.231165706,0.166440898,0.111885301,0.121038483,0.091166466,0.098294632,0.188821874,0.289055919,0.170397123,0.181540033
0,0.100177491,0.111453537,0.095946449,0.132134579,0.143376922,0.170173879,0.112410708,0.139679529,0.105530973,0.101256394,0.117705172,0.138001552,0.109406302,0.192016332,0.118013568,0.101778196,0.1732151,0.129953887,0.264943595,0.23424017,0.250468274,0.220619559,0.221847664,0.207670349,0.180555822,0.178943907,0.208162478,0.168998712,0.146674959,0.069203921,0.191225917,0.200430275
1,0.132826911,0.13027722,0.133909161,0.139919609,0.12012933,0.143945113,0.109840006,0.140584728,0.124244568,0.1343685,0.137810296,0.131852867,0.145941675,0.121308848,0.155995517,0.137508566,0.183886965,0.1852942,0.191638153,0.175451012,0.181603356,0.175112843,0.204990444,0.18663157,0.188212309,0.194688073,0.171276976,0.191199145,0.168763084,0.230516788,0.247626508,0.184393993
1,0.083769795,0.128732673,0.0878947,0.087308908,0.103889205,0.085754643,0.107141145,0.077588625,0.098502632,0.088121797,0.131027577,0.109732675,0.126023434,0.118828731,0.093695932,0.07755521,0.21513497,0.233339358,0.25003345,0.233188547,0.281977396,0.287369319,0.321532947,0.382860015,0.204998709,0.224607716,0.157510509,0.217917011,0.280952771,0.352069856,0.208529778,0.233196919
1,0.135697874,0.157045636,0.127981827,0.133353174,0.1097031,0.095968161,0.121411894,0.100938833,0.099414836,0.097347913,0.1302568,0.166874339,0.149321334,0.128668113,0.133870879,0.08222845,0.149306978,0.159474429,0.121664882,0.154218568,0.161376181,0.194309554,0.190519537,0.200481066,0.11118938,0.120077762,0.120390618,0.172803708,0.188114536,0.21103182,0.177275264,0.132194479
1,0.132503224,0.123449323,0.126315381,0.119995863,0.133350209,0.136721965,0.124359183,0.097213528,0.10764334,0.097050325,0.148074915,0.14736684,0.123491353,0.157267488,0.116634238,0.093779581,0.245092037,0.285870944,0.268754394,0.311275024,0.255600953,0.305857091,0.350445411,0.282392737,0.303810492,0.17732341,0.193825174,0.321521025,0.285763176,0.301912356,0.292243691,0.199142604
1,0.08500318,0.086622094,0.103612169,0.113595137,0.117717867,0.119103923,0.119391634,0.117745953,0.138963263,0.121863613,0.101398993,0.109151498,0.116148052,0.123327453,0.135845295,0.104489889,0.389734014,0.184434398,0.38850959,0.342134718,0.26151708,0.316521488,0.286541728,0.351845735,0.321493408,0.307826357,0.278061878,0.228544365,0.24529952,0.327747286,0.269619102,0.233378851
1,0.086128772,0.093558569,0.089908407,0.087594263,0.063252811,0.103011854,0.037707985,0.039598835,0.043646351,0.037809702,0.084271284,0.09977783,0.09604323,0.083850005,0.077183184,0.049358666,0.229355464,0.177008401,0.197002158,0.326858144,0.252306202,0.270096434,0.250614033,0.177769698,0.199641707,0.139041511,0.257807109,0.202455946,0.236792676,0.272489439,0.245024464,0.161020784
1,0.093186399,0.102692737,0.113297695,0.11118718,0.095411559,0.107369044,0.11564379,0.080297842,0.102962565,0.086853849,0.094292407,0.097982987,0.098966157,0.085269368,0.109588127,0.082585143,0.247672313,0.232512215,0.275407687,0.284684256,0.256304971,0.287515223,0.276017011,0.258180217,0.216370302,0.248953316,0.234462885,0.246686382,0.265353484,0.315044614,0.300571589,0.267127959
1,0.131276459,0.112641392,0.117064771,0.118924623,0.109588035,0.096350644,0.102853971,0.129113196,0.106448924,0.089958206,0.13979668,0.118479125,0.104472729,0.105583572,0.116078783,0.088867787,0.245762199,0.214472861,0.304507322,0.268909638,0.330895204,0.302579344,0.382342959,0.263474072,0.3775785,0.357791737,0.183026209,0.239781594,0.254704866,0.285222085,0.359960326,0.451100134
1,0.147879616,0.139613892,0.137063748,0.085700343,0.127099252,0.141148307,0.112464717,0.159455342,0.060988533,0.078547905,0.104114538,0.11532076,0.11708483,0.159534039,0.129307647,0.133492437,0.287748649,0.309696483,0.095070291,0.217406325,0.322929748,0.267741658,0.265319354,0.248881216,0.136770688,0.14921586,0.128361968,0.188527551,0.274640698,0.319485042,0.343412168,0.28242987
1,0.08116778,0.094940672,0.087494954,0.098372807,0.104397274,0.127183763,0.070806145,0.132604456,0.041803208,0.050016622,0.116993578,0.10066134,0.143202683,0.102387233,0.070312471,0.070735373,0.195191617,0.222795717,0.236034721,0.225612099,0.304053501,0.27231205,0.298628434,0.220866541,0.183115159,0.154646954,0.156517905,0.220258591,0.246297719,0.233088793,0.292843682,0.242008961
1,0.109577308,0.100120402,0.104875378,0.104077278,0.125237616,0.140622026,0.102897334,0.09984171,0.084834,0.093744466,0.145308474,0.163621497,0.153861636,0.155566897,0.101822411,0.106920767,0.078659964,0.066639587,0.149625942,0.159193152,0.18588853,0.195409475,0.166088574,0.148157784,0.14107758,0.122192741,0.112694367,0.094564302,0.203111911,0.233192474,0.166968723,0.154126764
1,0.078828229,0.085958248,0.106805292,0.102658143,0.087015744,0.096392543,0.089456068,0.079223807,0.08917667,0.071003474,0.094454723,0.109539783,0.10170299,0.108296215,0.110195479,0.112099221,0.385645825,0.407542311,0.479200496,0.534582789,0.413533322,0.349319219,0.34939706,0.374470697,0.355275576,0.388870072,0.33331686,0.423505625,0.434368055,0.334258537,0.326614913,0.275403656
1,0.121079644,0.155116325,0.136810488,0.147792995,0.16811502,0.16520807,0.137802167,0.14696643,0.08330936,0.108878504,0.116300652,0.128925309,0.165715978,0.160952033,0.17691044,0.15089685,0.142124975,0.22620628,0.209215038,0.210238679,0.235642053,0.167267067,0.289115855,0.218014412,0.326569809,0.238797126,0.094305505,0.108351758,0.198737135,0.172759723,0.263303181,0.188174485
1,0.098609343,0.080224968,0.113702527,0.114599065,0.140645665,0.142553397,0.156874069,0.167352623,0.098838026,0.08650636,0.154596757,0.122488057,0.17631402,0.118017126,0.130304748,0.071892301,0.17318055,0.274616637,0.182213848,0.25163623,0.217856251,0.343907816,0.213294142,0.24532039,0.145184988,0.154841992,0.157025249,0.296768461,0.261277429,0.480452898,0.247818527,0.195610295
1,0.11702969,0.078898659,0.038263733,0.08438184,0.091528519,0.093474833,0.081577056,0.098711337,0.069481529,0.07305281,0.111032764,0.144139941,0.109453276,0.140159431,0.085378713,0.099948137,0.14516558,0.159230978,0.328417464,0.146531649,0.286018683,0.279811794,0.314024724,0.250185092,0.223310246,0.108539436,0.146665349,0.154355073,0.264680923,0.221279526,0.264509268,0.157875713
1,0.074019014,0.085317182,0.083619967,0.083270051,0.096268461,0.08488803,0.09120441,0.083460544,0.040701852,0.044800862,0.08215583,0.096745152,0.11032168,0.088947263,0.058711262,0.063009148,0.214538277,0.132220943,0.366430308,0.248928802,0.330472679,0.300393618,0.256487698,0.286179328,0.241739003,0.317145955,0.202723486,0.197153271,0.218932355,0.25786831,0.269478793,0.331373205
1,0.177781909,0.19225316,0.162720415,0.136422912,0.133954376,0.104786877,0.174323967,0.152043059,0.110954754,0.137342789,0.166528608,0.182350002,0.158945363,0.158710926,0.147804821,0.165917206,0.193906018,0.212992655,0.182023808,0.176989154,0.157631609,0.175465499,0.213471709,0.23574567,0.163465895,0.19322711,0.15565638,0.179508527,0.169984442,0.175325544,0.205525809,0.226014439
1,0.141980857,0.11583511,0.172481979,0.157081809,0.121837419,0.157078595,0.108195208,0.157438568,0.13104179,0.161325341,0.098941367,0.098667741,0.117286021,0.151749261,0.133827754,0.166852115,0.249956051,0.174876658,0.193261125,0.208486004,0.24257816,0.241306373,0.257925986,0.262508267,0.226426556,0.220848289,0.094469625,0.149755796,0.194019695,0.223198744,0.252756984,0.210027841
1,0.104775504,0.127741911,0.065833192,0.066602995,0.106848722,0.085333668,0.109679225,0.106437901,0.073281916,0.101189739,0.114867861,0.125730246,0.088151731,0.06690828,0.101729863,0.109484005,0.300546694,0.235705757,0.545542071,0.50511423,0.392747131,0.429204685,0.359201025,0.436804013,0.261005102,0.347261249,0.374685693,0.282162942,0.469979736,0.540995291,0.32372443,0.367852502
1,0.146366139,0.143187491,0.127267387,0.150543563,0.130270686,0.142868272,0.143127701,0.143441987,0.139351829,0.128973057,0.163064905,0.143874596,0.13301997,0.173240583,0.146970626,0.130505061,0.181421753,0.176337913,0.163277796,0.21438535,0.161397849,0.195973194,0.17095878,0.197127394,0.169072122,0.168962878,0.139475111,0.160327636,0.161916671,0.172008204,0.176322203,0.187189852
1,0.079377981,0.056213576,0.084976962,0.059947899,0.111141052,0.101410739,0.097712456,0.123062342,0.048025483,0.07852611,0.104735846,0.076943163,0.123029172,0.092268857,0.081999482,0.119570427,0.207616895,0.182002413,0.191422864,0.124459077,0.217689805,0.154484715,0.162221763,0.247144163,0.078298612,0.175596606,0.155643738,0.140313139,0.20276036,0.195914116,0.124961709,0.246708215
1,0.095894546,0.091650088,0.074380973,0.098033093,0.128366792,0.107505159,0.102197296,0.096074909,0.101902186,0.048825968,0.090074389,0.092958896,0.110197418,0.095296269,0.091241616,0.088221984,0.219333114,0.235116576,0.258320494,0.271047215,0.226456394,0.271472879,0.325051923,0.295940653,0.218687789,0.26125879,0.271354427,0.299273157,0.247871414,0.291030018,0.343707832,0.284582149
1,0.098893381,0.144006229,0.158191342,0.131087667,0.10672208,0.079006104,0.108270319,0.096410922,0.101014362,0.082646362,0.109491906,0.124079973,0.115969596,0.129026571,0.110718913,0.074714719,0.137641348,0.195637711,0.145460759,0.145793663,0.234234179,0.181838684,0.32073047,0.225606496,0.252125334,0.186034414,0.141558282,0.219091242,0.221624012,0.237329475,0.278674242,0.140337996
1,0.069422547,0.062450318,0.0641711,0.049918557,0.066352862,0.052177085,0.059944878,0.048900743,0.054827867,0.054832103,0.068122431,0.073928628,0.066033825,0.063037179,0.05893476,0.05561144,0.5808618,0.65160029,0.640502152,0.736536885,0.586421963,0.598421439,0.596304814,0.606654456,0.606922505,0.551252677,0.534650375,0.556884608,0.509611401,0.605164525,0.593883492,0.566098513
1,0.083059181,0.061228873,0.047249778,0.06016093,0.054138733,0.074654791,0.067255056,0.064021121,0.048234428,0.043569257,0.099965727,0.082264563,0.07416286,0.076689317,0.059273192,0.050194938,0.462285617,0.22974468,0.639534311,0.510264342,0.541957987,0.500156525,0.549310289,0.544485395,0.456204476,0.361579878,0.409783127,0.506230274,0.474956945,0.468200709,0.50321039,0.400793888
1,0.08607297,0.08049547,0.07210894,0.07394318,0.073112615,0.093278647,0.06787856,0.095495602,0.059109911,0.081638733,0.111317205,0.087220924,0.138308946,0.098800548,0.066080041,0.098788765,0.070646608,0.120501205,0.092804679,0.128579932,0.196072547,0.158760327,0.192003045,0.261957454,0.104421138,0.114234182,0.124938904,0.13410704,0.201016755,0.169693854,0.167870085,0.118491682
1,0.097256762,0.129524744,0.062350922,0.089010796,0.051089366,0.046976014,0.058765749,0.035943686,0.053105865,0.037194205,0.120790521,0.148162044,0.075834489,0.090285913,0.076220169,0.071782984,0.397941811,0.39677412,0.495305209,0.50532668,0.564168831,0.597637859,0.55896904,0.550256069,0.324744351,0.499639631,0.347338853,0.339971425,0.450776675,0.507325416,0.4691886,0.398346958
1,0.04322466,0.090170777,0.062227239,0.077834815,0.085514467,0.067189758,0.092229651,0.072756762,0.061141032,0.071132581,0.0985388,0.095253357,0.138039311,0.109267308,0.049173621,0.062788848,0.101943356,0.151818847,0.140731676,0.174569079,0.247564624,0.184184373,0.183687197,0.211611948,0.103777489,0.143283458,0.190742862,0.172586394,0.268794136,0.228672912,0.102316351,0.112578368
1,0.125633441,0.075910168,0.108280086,0.101316345,0.081292864,0.116145331,0.088227002,0.104649116,0.06937128,0.091800665,0.088683803,0.117443555,0.128772384,0.085308234,0.121333131,0.096016705,0.090869019,0.050367536,0.176603722,0.130153217,0.191662795,0.164000477,0.134131323,0.153308621,0.142109324,0.138784289,0.08724654,0.077943561,0.102536596,0.105396742,0.122331075,0.122804909
1,0.067081631,0.065008668,0.062005879,0.073489406,0.080538662,0.074492516,0.073183013,0.063717369,0.060927149,0.054673525,0.078687692,0.089028329,0.063986594,0.070078945,0.069764554,0.065873271,0.33086071,0.248693836,0.414907399,0.279146806,0.3751359,0.413753083,0.355094458,0.358687637,0.24956477,0.20674783,0.346072022,0.313249723,0.455775218,0.438745106,0.357233779,0.325933311
1,0.149826523,0.107651348,0.119922831,0.089869294,0.128016054,0.097716066,0.100533304,0.110365744,0.064159008,0.102694709,0.184244667,0.147763062,0.152431121,0.130758984,0.072466794,0.127229988,0.156998176,0.184486237,0.13045075,0.190840303,0.24337887,0.238636799,0.265230794,0.271313199,0.140074736,0.160196389,0.155950805,0.192720441,0.263847664,0.232997106,0.147496599,0.135077167
1,0.081096322,0.056703021,0.13945077,0.052403135,0.157849611,0.070878291,0.143541121,0.108924402,0.179541317,0.140759079,0.099994596,0.083168007,0.135472538,0.069214147,0.179040403,0.165796166,0.428790308,0.510223718,0.25886103,0.550179041,0.243142544,0.451810349,0.271372929,0.38221879,0.2579893,0.24002113,0.328469994,0.344282901,0.246583126,0.397901802,0.261000356,0.276697516
1,0.136817343,0.094175967,0.051499777,0.067235954,0.021347414,0.067469826,0.05250754,0.081984196,0.076044439,0.048406421,0.117403758,0.078588598,0.034009964,0.081635815,0.071985564,0.078045676,0.16904517,0.33690573,0.433978744,0.373002656,0.522771225,0.351355862,0.450945566,0.278818939,0.327660778,0.172382481,0.20481297,0.247737426,0.457721345,0.312905728,0.387951873,0.25481102
1,0.101567513,0.092615387,0.056817852,0.061914871,0.057756325,0.086439404,0.061468018,0.094156817,0.058540243,0.089484685,0.124625708,0.088874028,0.089181431,0.070354084,0.062062891,0.061257755,0.42582722,0.425082257,0.503409573,0.633066588,0.599948908,0.54595239,0.558238547,0.536861208,0.454744569,0.383289711,0.356412207,0.41056733,0.509248029,0.515258252,0.450289178,0.427887431
1,0.045961529,0.054632816,0.056282412,0.05415209,0.051776556,0.068289487,0.076849663,0.049167553,0.047856704,0.034440388,0.075200422,0.091426293,0.07204113,0.112863493,0.05250819,0.032809838,0.239387731,0.173306275,0.225770053,0.173755625,0.180768842,0.205819298,0.281995045,0.22111942,0.170227206,0.140249124,0.150600184,0.1670236,0.173288483,0.213194649,0.200534498,0.143927216
1,0.080539255,0.112161017,0.08934558,0.078513391,0.089338402,0.124611301,0.08750588,0.111030628,0.075867562,0.114768021,0.112483071,0.122922089,0.10966573,0.100210328,0.079848638,0.074035729,0.084955779,0.055528334,0.122475318,0.112301795,0.153443154,0.186827236,0.157005368,0.178586911,0.08687966,0.15517655,0.116959959,0.126394373,0.193306951,0.195112084,0.127664831,0.173862449
1,0.095902534,0.127532598,0.131300031,0.076264226,0.10316878,0.128191708,0.086155488,0.075191651,0.122572013,0.070653084,0.0954144,0.164132776,0.146071311,0.129360656,0.111055233,0.091154375,0.1451587,0.201136268,0.217515424,0.123284566,0.218019404,0.250371605,0.250473716,0.220033418,0.355466611,0.217236657,0.055220166,0.147576325,0.201948988,0.230260355,0.326552711,0.198194837
1,0.070600616,0.115994935,0.071611959,0.095449359,0.094478466,0.085190871,0.099473714,0.068778333,0.074295539,0.059613753,0.112336399,0.094099218,0.0911096,0.086195795,0.099012754,0.067703222,0.337648989,0.310982874,0.397021479,0.346395995,0.402671743,0.337861453,0.362220276,0.383126803,0.187167097,0.316036754,0.299736383,0.358412137,0.38049148,0.400059004,0.194246969,0.352794147
1,0.077362507,0.091898651,0.088274473,0.106331668,0.072580251,0.115078493,0.080161369,0.098830705,0.068369935,0.065437229,0.163320327,0.119140438,0.083032481,0.149265398,0.098298724,0.095169793,0.168261334,0.40736835,0.233175827,0.289065858,0.301345279,0.353624155,0.314017646,0.398697679,0.329389466,0.344998894,0.083615374,0.226310551,0.401243187,0.160829176,0.323251304,0.368439917
1,0.077208219,0.075389856,0.058441896,0.08477025,0.066010211,0.109342627,0.075072001,0.055418173,0.072175114,0.040973986,0.09798908,0.084191343,0.138447741,0.060336691,0.105075197,0.053726833,0.087786237,0.157197564,0.118504517,0.136019266,0.200657614,0.23173555,0.250190454,0.149357809,0.070867175,0.092887327,0.189080004,0.207109931,0.144489401,0.306735319,0.25288296,0.108838167
1,0.160075133,0.20056695,0.242600536,0.26200492,0.20329672,0.14656812,0.185778327,0.166445533,0.128805302,0.144985714,0.157874552,0.191051506,0.248710029,0.190998132,0.169775148,0.162852545,0.065633529,0.071823289,0.136643289,0.118071497,0.214295636,0.183941957,0.162711015,0.15384416,0.086526582,0.079346319,0.052904879,0.081541264,0.142557184,0.114456748,0.13857984,0.091376104
1,0.06235835,0.034689449,0.098813087,0.07342182,0.109864176,0.084881478,0.101168825,0.114716872,0.068696317,0.103970378,0.134903742,0.123650974,0.117126255,0.127703014,0.089446077,0.090441763,0.440217646,0.506802007,0.424789907,0.387994407,0.403026755,0.336984388,0.255476805,0.33147064,0.178469418,0.271235432,0.24438421,0.260151356,0.367112683,0.289379278,0.253293696,0.320565475
1,0.145492717,0.137536762,0.19280358,0.220437432,0.265221124,0.238223492,0.122822746,0.139076459,0.173640239,0.133541662,0.180591484,0.225967654,0.109116385,0.033128774,0.112340077,0.177182411,0.271090399,0.239306767,0.335836041,0.255573766,0.257937871,0.223129118,0.233836587,0.31376874,0.250965484,0.332908703,0.158765587,0.236145772,0.458556193,0.692878998,0.420179162,0.3509822
1,0.07162025,0.061275604,0.065331856,0.065021566,0.07512065,0.080007377,0.05372751,0.056576834,0.038419393,0.050909532,0.08825731,0.079387452,0.07458387,0.07985087,0.068417956,0.05904193,0.198385513,0.143670751,0.279054907,0.200840004,0.302421209,0.363383575,0.38994429,0.316124054,0.187273496,0.277058296,0.257083278,0.198098109,0.417631545,0.381504937,0.314274963,0.332338318
1,0.12363829,0.104482174,0.125957433,0.101310961,0.084648143,0.132510329,0.08564367,0.081589419,0.05157224,0.057538499,0.129083258,0.100459089,0.0697221,0.128970797,0.106154933,0.087088923,0.162752547,0.165633643,0.126920857,0.126361664,0.206947877,0.12738485,0.198590283,0.156257735,0.132644393,0.114704342,0.118748942,0.13833927,0.308409073,0.238391299,0.240491429,0.160184581
1,0.15459878,0.116910396,0.167404408,0.165220402,0.114883219,0.130413434,0.089329901,0.122670539,0.087559154,0.111307465,0.113392847,0.103285912,0.098592112,0.098650579,0.08272957,0.098380682,0.199872587,0.184859736,0.314297186,0.244167705,0.372963168,0.327843785,0.412652743,0.29847922,0.321586614,0.318411772,0.160535394,0.291731538,0.349291235,0.404021971,0.364255426,0.41548011
1,0.072930407,0.068938671,0.047217252,0.059052213,0.050746239,0.051137347,0.061452287,0.066568068,0.050576784,0.04237124,0.125336537,0.105643158,0.087140605,0.092037613,0.062255487,0.046341541,0.209083027,0.221702663,0.274152482,0.284735616,0.301916079,0.316620764,0.327557685,0.338721132,0.197961621,0.152473583,0.181633667,0.251831903,0.360618851,0.410360113,0.291398401,0.178708346
1,0.106597878,0.097220505,0.085309513,0.090538631,0.064469449,0.090358231,0.074336125,0.089476931,0.067994375,0.081432331,0.09585241,0.111946283,0.089525342,0.077149796,0.075843162,0.078856032,0.315406335,0.370771756,0.562449795,0.586473623,0.442439211,0.522983912,0.53766536,0.462446154,0.546064241,0.522203564,0.332957789,0.445746156,0.475132186,0.519071602,0.456578663,0.506219338
1,0.088843905,0.125351962,0.14155339,0.131112205,0.081040606,0.113807179,0.06717139,0.107879873,0.070148996,0.08299322,0.178363633,0.13419054,0.130229404,0.100074348,0.078541711,0.084620516,0.46982668,0.321161258,0.406062866,0.424003385,0.460914904,0.466473681,0.479933756,0.451682595,0.454653222,0.409237973,0.315123312,0.409959644,0.400825665,0.478654085,0.486290458,0.369151188
1,0.05424107,0.055987807,0.074133201,0.101872997,0.066109348,0.09289024,0.059478704,0.054874835,0.040258885,0.03877832,0.081665787,0.077470705,0.086294107,0.096634973,0.043753266,0.047729789,0.195521348,0.265926386,0.205250552,0.129190978,0.195650212,0.24904162,0.307988327,0.266952706,0.156158483,0.145906935,0.157876088,0.186495057,0.24008129,0.063113446,0.245522087,0.172134485
1,0.107597793,0.101930343,0.126980602,0.099708334,0.102521895,0.105563608,0.124356199,0.107082721,0.101203505,0.098972197,0.112026564,0.093292276,0.094394866,0.099112373,0.104053941,0.098990462,0.310860325,0.296767642,0.310615854,0.308920958,0.333815853,0.284329166,0.279332782,0.324806306,0.326599552,0.337767134,0.223650641,0.230032478,0.274855148,0.27208246,0.316390506,0.328777326
1,0.135326919,0.1344184,0.108419598,0.12824471,0.135137294,0.107850182,0.065515082,0.127083626,0.130870957,0.131993007,0.131662853,0.134257772,0.083431529,0.116596502,0.132535917,0.133400975,0.232182686,0.230628663,0.278826472,0.245363865,0.230785168,0.297568933,0.316465838,0.240890616,0.230284741,0.233516909,0.228108488,0.228537188,0.327141872,0.287688305,0.229265006,0.236089852
1,0.253022647,0.24765958,0.147220132,0.232691664,0.25189781,0.241956014,0.240741247,0.232234979,0.245446917,0.163538098,0.245641008,0.242332537,0.245333297,0.178987714,0.24303112,0.242501185,0.221822869,0.219598504,0.178325624,0.215208183,0.228642379,0.220245576,0.228568394,0.217001708,0.222518008,0.176054175,0.222694568,0.224722046,0.223079737,0.200059425,0.218908006,0.212221001
1,0.122557493,0.147486412,0.120381958,0.162328186,0.137744457,0.141539386,0.115028437,0.157237626,0.134271701,0.201802354,0.140468092,0.139273725,0.14508218,0.095776379,0.144231509,0.205218062,0.209171659,0.179584091,0.41581584,0.372209034,0.34198289,0.323670495,0.227062255,0.228236852,0.155981725,0.13298317,0.186477947,0.304277506,0.216542444,0.316907108,0.17307269,0.130333664
1,0.202125257,0.191205487,0.161305297,0.179641531,0.128606292,0.113554774,0.166625944,0.126819103,0.200012739,0.172759526,0.170559404,0.169418826,0.177792195,0.083887653,0.181056326,0.188027208,0.253271349,0.279257386,0.390723991,0.336659323,0.460474129,0.511043528,0.338092644,0.383411064,0.284885741,0.300180117,0.268447606,0.285763569,0.335823862,0.49185543,0.287942912,0.254004816
1,0.109705928,0.104540068,0.12299728,0.08468829,0.122712998,0.083271834,0.043040937,0.072352506,0.054965833,0.088439565,0.108904157,0.117546133,0.099714582,0.119781962,0.092837237,0.108232005,0.400138344,0.396678858,0.445169496,0.594298047,0.38858064,0.393362324,0.486080068,0.440700645,0.542663235,0.425855154,0.432111445,0.46589743,0.502585767,0.406646767,0.510574323,0.417310934
1,0.073079682,0.071982986,0.058308833,0.051212926,0.058624509,0.070394974,0.065565296,0.057006377,0.048188984,0.043319263,0.092152535,0.098871175,0.061377886,0.067915268,0.058650736,0.052561448,0.192870845,0.220463833,0.338754848,0.406368182,0.438995015,0.369661064,0.385905727,0.340130274,0.22062509,0.227320414,0.184863572,0.27365521,0.427185685,0.39808304,0.250643367,0.245579038
1,0.069739399,0.08283994,0.074422508,0.058498039,0.070917291,0.05528023,0.050959929,0.064832052,0.061862113,0.068953291,0.078751011,0.063600288,0.079921609,0.052061831,0.091662165,0.066085681,0.460050653,0.498720545,0.593018484,0.635766584,0.561917425,0.592791627,0.638249978,0.559101235,0.573072479,0.426433082,0.486793549,0.519410616,0.565180761,0.566070801,0.47777108,0.397741396
1,0.189767372,0.156730771,0.181538736,0.197082408,0.171384999,0.210936117,0.141662874,0.170998556,0.167693863,0.219824722,0.20739291,0.14382503,0.155827095,0.193162583,0.19946215,0.200089831,0.152741882,0.116513438,0.23348494,0.185488689,0.260856672,0.274601969,0.15692006,0.167976048,0.112484869,0.105207779,0.136780042,0.082630468,0.291227056,0.255361397,0.169536138,0.167409618
1,0.066263133,0.067971409,0.099689894,0.104767488,0.10645371,0.098999856,0.094401177,0.082205293,0.091008221,0.083817907,0.069265317,0.058497237,0.086509787,0.088230867,0.132243772,0.112409246,0.261568703,0.226238417,0.393307107,0.384827315,0.349526651,0.36934324,0.34719503,0.402819768,0.250485658,0.315619797,0.165788687,0.236993004,0.320695758,0.214153186,0.271715854,0.291358332
1,0.056333369,0.099969542,0.027248978,0.033582821,0.04511721,0.020284078,0.058961934,0.027873313,0.050313711,0.054693056,0.050342204,0.048824138,0.042537995,0.025052156,0.060298821,0.069667458,0.273976512,0.157654516,0.53393889,0.401036963,0.548300917,0.534925965,0.337880134,0.460017925,0.168372271,0.236510894,0.339989024,0.300277692,0.448583942,0.560934692,0.368693602,0.419954894
1,0.086463576,0.083428863,0.087231657,0.072774916,0.089395005,0.078175821,0.080731373,0.087605728,0.078471439,0.07929324,0.106786569,0.095120196,0.104394547,0.085795171,0.096169328,0.093320439,0.321738933,0.300081815,0.330704036,0.376079567,0.323890533,0.302163805,0.293516316,0.25908673,0.225888809,0.177261089,0.289441129,0.35855094,0.301147302,0.363566824,0.245647804,0.222650448
1,0.083444331,0.097626415,0.091749134,0.102719416,0.096432462,0.111813821,0.073022219,0.07116986,0.059106219,0.044080306,0.124588522,0.131197888,0.121930541,0.137900907,0.081298126,0.053535229,0.128790632,0.107638842,0.171141995,0.182095421,0.179072394,0.263269254,0.167972085,0.205855228,0.163844967,0.122781146,0.129096867,0.159434702,0.163885158,0.241299329,0.18401875,0.117523515
1,0.134139871,0.122870122,0.126793331,0.124179929,0.113684451,0.107303096,0.092446217,0.079819911,0.054864528,0.061351097,0.110081686,0.113439652,0.133148443,0.121430543,0.11002367,0.110655751,0.181027952,0.165414609,0.282133234,0.183662444,0.319992513,0.271922588,0.215102251,0.255003698,0.198511984,0.238813963,0.143498336,0.073965392,0.313487972,0.235097572,0.23729617,0.229748441
1,0.117647987,0.103068737,0.127754369,0.111563098,0.10258087,0.099759739,0.100772932,0.087156994,0.064477711,0.058932293,0.129633245,0.101417083,0.119262769,0.125899772,0.113737311,0.064756467,0.13669973,0.111819384,0.208091034,0.219752552,0.217854959,0.214926417,0.231623497,0.201086026,0.188658989,0.181428582,0.115724533,0.122814019,0.199979725,0.262256503,0.212923204,0.143044644
1,0.103364821,0.088858829,0.104640488,0.096481866,0.082378699,0.086227767,0.090322489,0.075184045,0.083425482,0.071836299,0.102184835,0.088427225,0.079993285,0.079125871,0.084079304,0.066655496,0.198062677,0.204473709,0.294708866,0.308775983,0.343329194,0.343966143,0.243845074,0.277300325,0.191204721,0.206211075,0.217087514,0.28396957,0.304687206,0.327578944,0.234090457,0.217636152
1,0.067456481,0.047346799,0.080117512,0.060996269,0.091324049,0.0738194,0.068679244,0.059049399,0.028274437,0.032460514,0.084616603,0.077978905,0.067776944,0.072430624,0.050019416,0.06527838,0.238985217,0.156996884,0.275610689,0.226344096,0.305245968,0.260075629,0.241885605,0.187089392,0.132332768,0.089677744,0.282471362,0.290138261,0.344195535,0.385129053,0.191896755,0.187265895
1,0.090640364,0.100733193,0.135469216,0.166318714,0.169776301,0.169900396,0.120544258,0.090005165,0.096597075,0.083545188,0.092189537,0.127106596,0.175983842,0.188950283,0.136747325,0.105221295,0.104549206,0.118730952,0.134638607,0.144433367,0.185897204,0.191685464,0.215154644,0.226533745,0.134812778,0.150051822,0.118313938,0.184687095,0.236998623,0.258900395,0.156540146,0.119000804
1,0.063821385,0.131895974,0.106824849,0.12893371,0.113511563,0.093460471,0.077775367,0.07380846,0.062872621,0.059391937,0.058017104,0.126982514,0.087791818,0.118351424,0.086485906,0.092191112,0.215949023,0.210113998,0.274427081,0.374195767,0.176736918,0.37095345,0.35035937,0.284696856,0.298562468,0.217576462,0.14858521,0.278463683,0.382903003,0.258287291,0.342871855,0.237504016
1,0.103360923,0.112086058,0.089970667,0.086811002,0.07963306,0.06463464,0.112946497,0.089868341,0.068543171,0.109650775,0.08842874,0.11544548,0.085764621,0.076644067,0.105426785,0.074920424,0.26732075,0.290718925,0.228328298,0.214929843,0.164308084,0.223024514,0.264877109,0.202213564,0.135231897,0.177346979,0.20955209,0.256193444,0.387691968,0.365560951,0.180886759,0.206848303
1,0.110084423,0.11921781,0.107662403,0.094993538,0.073742363,0.107201733,0.055812143,0.087907712,0.047422719,0.062446811,0.102441028,0.086621387,0.102372349,0.115630491,0.078683849,0.091945401,0.121704772,0.084049631,0.164796163,0.186334462,0.169746158,0.151196659,0.177162984,0.20832521,0.100956835,0.133377453,0.133903124,0.119434051,0.176337102,0.221088968,0.133972521,0.153896407
1,0.111503875,0.098161981,0.129833488,0.090169078,0.109844317,0.097543146,0.064161429,0.094328066,0.058886812,0.081201688,0.134932403,0.099635986,0.115934782,0.112323094,0.077991583,0.108680902,0.104556676,0.105400441,0.138231962,0.1435159,0.212395561,0.195153601,0.197089458,0.252691376,0.098146861,0.099906229,0.099995941,0.118036118,0.204364337,0.194748621,0.146800441,0.127754568
1,0.056670669,0.056186408,0.077050339,0.061952745,0.084447889,0.046010913,0.054581452,0.054591905,0.038767885,0.05220927,0.061481831,0.100577172,0.070028171,0.075435902,0.047549745,0.055087199,0.227573404,0.383705777,0.396174591,0.422507508,0.39716187,0.331315516,0.313383759,0.262074721,0.206660497,0.171809898,0.225471794,0.325384259,0.281488704,0.226603108,0.221640049,0.156177965
1,0.163701435,0.172502597,0.099405374,0.130963534,0.13804717,0.117560364,0.177695913,0.152379995,0.101847448,0.124200462,0.116198164,0.180507693,0.136689027,0.112034954,0.140259853,0.135775053,0.122247229,0.130640756,0.053794465,0.111448683,0.124702083,0.108171747,0.153330514,0.123946302,0.082521867,0.099374665,0.062170427,0.08838576,0.113392124,0.128828578,0.128791529,0.118512792
1,0.172006216,0.120950628,0.330167814,0.220757428,0.245852429,0.210258596,0.153988871,0.208068539,0.175988097,0.146709246,0.188704191,0.196551816,0.150759471,0.188050574,0.144901385,0.184121499,0.226816622,0.237921536,0.179010838,0.267469694,0.1724712,0.234373274,0.229050424,0.322721792,0.295498803,0.237172406,0.16847916,0.184935414,0.191282664,0.262807717,0.393071617,0.261474933
1,0.061613536,0.065397242,0.052309546,0.048005637,0.05937924,0.053468814,0.05792664,0.048339931,0.049488092,0.044600008,0.068934979,0.053796199,0.067670947,0.066790018,0.061352163,0.064546577,0.270153014,0.277325987,0.35038462,0.384644534,0.371327123,0.371476949,0.445628207,0.376823881,0.282944978,0.220470987,0.344166207,0.441948659,0.391552472,0.486672961,0.304468398,0.244223715
1,0.187123459,0.169015054,0.204350778,0.150167446,0.131244335,0.119590994,0.11468138,0.112663763,0.123222907,0.132787758,0.123816288,0.163048516,0.116157059,0.113119248,0.117486331,0.135027554,0.325817466,0.27423105,0.406932103,0.333231433,0.443522413,0.419723311,0.388410752,0.434377585,0.375099661,0.363422589,0.168894812,0.319193363,0.324114305,0.313997864,0.264847635,0.278681526
1,0.094762588,0.115369674,0.066916862,0.069549266,0.066460201,0.060157434,0.088967446,0.100676499,0.068445039,0.063838693,0.112784266,0.102927044,0.093516864,0.067811476,0.075578363,0.098129666,0.288018002,0.330465263,0.345354095,0.38994345,0.466685987,0.353335327,0.452762882,0.360123,0.262683581,0.21427282,0.286364576,0.342320369,0.304624548,0.494443189,0.326556508,0.290531917
1,0.086980036,0.068959083,0.097099436,0.077168694,0.090946607,0.120404905,0.085377079,0.079488988,0.073491323,0.097313117,0.059717863,0.072538028,0.065334169,0.063192233,0.066419576,0.073761096,0.576329881,0.503673955,0.60860031,0.635724235,0.557966098,0.455544459,0.52622331,0.580132334,0.467758166,0.470434145,0.528040425,0.622250084,0.608538976,0.534825766,0.533314639,0.412159965
1,0.057146803,0.049634044,0.044503667,0.054374977,0.046031377,0.048597855,0.04697241,0.052893548,0.05183185,0.030866867,0.054907861,0.054140839,0.065127395,0.047083574,0.045836846,0.042103249,0.218917491,0.161820287,0.184401349,0.184577105,0.199769124,0.311646923,0.213520777,0.265742712,0.05480541,0.143630163,0.113988585,0.16910486,0.291188839,0.375969239,0.153582376,0.26624467
1,0.127397723,0.124804344,0.127090994,0.135910421,0.09215738,0.204963263,0.111355452,0.127258452,0.078941908,0.067890559,0.124411715,0.126431573,0.102988229,0.123360848,0.18085659,0.089282997,0.197389359,0.214581865,0.247841726,0.23555088,0.297727057,0.202366382,0.302040958,0.311752707,0.191930542,0.173716911,0.160646586,0.149200369,0.257272983,0.204626189,0.272740568,0.246863336
1,0.147425671,0.089412174,0.11601933,0.111779437,0.105758684,0.182068246,0.073751537,0.070633095,0.062043919,0.049739357,0.128210574,0.117107264,0.122291063,0.133254245,0.137639635,0.06931264,0.182010802,0.146023686,0.263203124,0.308845568,0.264325056,0.181841782,0.231532769,0.330340237,0.169508388,0.196353896,0.166287771,0.152791344,0.248564851,0.21410186,0.299782228,0.295352721
1,0.097496939,0.128174475,0.147961133,0.140626752,0.144827253,0.103171926,0.124093808,0.093270664,0.062807691,0.056847974,0.173681894,0.133618384,0.138322777,0.11494855,0.10573014,0.065075556,0.074924576,0.08471314,0.130356061,0.128470673,0.166729098,0.06194981,0.24047668,0.216555867,0.128489663,0.11014801,0.087627354,0.10933394,0.221313868,0.332859707,0.195436749,0.133513511
1,0.097934131,0.077160891,0.083122814,0.073137503,0.085130075,0.081933621,0.080266937,0.072197016,0.052371159,0.066357995,0.138150951,0.117377369,0.107877004,0.107649952,0.058814024,0.076541907,0.161892913,0.12560498,0.260636991,0.214226507,0.333437484,0.224927058,0.281659671,0.254784254,0.167103281,0.1644761,0.089746807,0.150548417,0.190090681,0.279738075,0.197271453,0.188843462
1,0.15825811,0.100108788,0.175237585,0.241167269,0.086715053,0.110387052,0.081737895,0.142125462,0.110661573,0.074225689,0.268095112,0.135282947,0.103541111,0.152249656,0.099523423,0.149730965,0.351425054,0.20771812,0.303045691,0.301359198,0.398993393,0.366200875,0.344517173,0.340940273,0.224060028,0.307563797,0.209381984,0.289077161,0.333802754,0.325522986,0.331897252,0.281496649
1,0.12632482,0.148412558,0.153412021,0.152495531,0.157501277,0.122327098,0.132945813,0.099907918,0.118591931,0.100098407,0.1323599,0.134315355,0.122270564,0.164827391,0.149252707,0.132780627,0.300903919,0.309797701,0.342835391,0.354317578,0.35156125,0.36517071,0.339441893,0.38413234,0.29415803,0.292625126,0.285295736,0.279623209,0.362633355,0.320858266,0.319948182,0.333924607
1,0.12580844,0.147846429,0.136523277,0.124347963,0.179238257,0.170936822,0.129547192,0.112105006,0.125999729,0.105789718,0.159321803,0.144207656,0.161835804,0.160374649,0.03606321,0.097206675,0.20127365,0.124524353,0.335109754,0.121568976,0.331723429,0.283227162,0.351129478,0.244117305,0.390402092,0.426829602,0.139444044,0.189848053,0.310430477,0.367782599,0.677627103,0.427584182
1,0.103607786,0.104834055,0.116257765,0.111045127,0.139762025,0.122160061,0.096783083,0.096426354,0.091477471,0.090088753,0.125797871,0.140867141,0.120084422,0.120350488,0.121698502,0.096460921,0.366530134,0.417185807,0.37291045,0.512432107,0.472681852,0.470105861,0.593480113,0.412721636,0.573093291,0.577756491,0.300521416,0.318540214,0.409547824,0.399378849,0.485378187,0.543661967
1,0.167664528,0.122932035,0.091285027,0.138165721,0.028422608,0.17609134,0.057214773,0.113413953,0.0808213,0.129536878,0.176468553,0.160110901,0.014927251,0.15263425,0.033580596,0.217180564,0.199979875,0.226529221,0.382895165,0.210924039,0.46374839,0.288336994,0.340937051,0.250850036,0.274154539,0.168635009,0.244576696,0.196344635,0.497266235,0.320763685,0.492002578,0.136643856
1,0.081163313,0.071095861,0.067762812,0.103925685,0.09911337,0.102729364,0.097498103,0.093858438,0.097634184,0.088857217,0.063819724,0.144359158,0.104656569,0.119319305,0.10529632,0.111147758,0.34098484,0.261446594,0.498741589,0.2118873,0.293083844,0.241789777,0.298102837,0.299541989,0.219934994,0.187520239,0.257318586,0.128795768,0.36633551,0.341198413,0.254408998,0.19204709